{
 "args": {
  "alg": "faco",
  "ants": 64,
  "backup list size": 64,
  "beta": 1.0,
  "cand list size": 16,
  "gbest as source prob": 0.01,
  "id": "default",
  "iterations": 5000,
  "local search": 1,
  "ls cand list size": 20,
  "min new edges": 8,
  "p best": 0.1,
  "picture": true,
  "problem": "./instances/att532.tsp",
  "repeat": 1,
  "results dir": "results",
  "rho": 0.5,
  "seed": 412697783,
  "threads": 0
 },
 "executions": [
  {
   "best sol cost iterations": [
    0,
    1,
    2,
    3,
    4,
    5,
    6,
    7,
    8,
    9,
    10,
    12,
    14,
    17,
    18,
    19,
    26,
    57,
    58,
    67,
    68,
    69,
    71,
    72,
    76,
    126,
    127,
    128,
    191,
    307,
    308,
    488,
    609,
    610,
    612,
    2165,
    2291,
    2780,
    2781,
    3028
   ],
   "best sol cost times": [
    0.000102,
    0.000386,
    0.000638,
    0.000896,
    0.002096,
    0.002421,
    0.002764,
    0.003156,
    0.003677,
    0.004137,
    0.004647,
    0.00574,
    0.006886,
    0.008618,
    0.009099,
    0.00958,
    0.019307,
    0.043956,
    0.044388,
    0.049345,
    0.049878,
    0.050394,
    0.052282,
    0.052832,
    0.055241,
    0.087231,
    0.087753,
    0.088302,
    0.128679,
    0.19909,
    0.199725,
    0.31373,
    0.387407,
    0.388003,
    0.38929,
    1.361395,
    1.453842,
    1.762949,
    1.76355,
    1.915932
   ],
   "best sol cost values": [
    28299.0,
    28222.0,
    28181.0,
    28141.0,
    28089.0,
    28069.0,
    28055.0,
    28051.0,
    28030.0,
    28025.0,
    28018.0,
    28013.0,
    28011.0,
    27930.0,
    27918.0,
    27916.0,
    27852.0,
    27851.0,
    27843.0,
    27837.0,
    27834.0,
    27824.0,
    27798.0,
    27781.0,
    27776.0,
    27771.0,
    27765.0,
    27759.0,
    27757.0,
    27753.0,
    27739.0,
    27722.0,
    27719.0,
    27714.0,
    27713.0,
    27712.0,
    27707.0,
    27706.0,
    27704.0,
    27703.0
   ],
   "execution time": 3.13950197,
   "final cost": 27703.0,
   "final error": 0.06140287509932818,
   "finished_at": "2024-01-29 21:06:47",
   "initial sol cost": 28331.0,
   "initial solutions build time": 0.0017087640000000002,
   "mean percent of select next node calls recorded every ith iter": 20,
   "mean percent of select next node calls values": [
    3.5,
    75.99,
    97.06,
    90.76,
    99.06,
    98.38,
    99.19,
    97.44,
    99.35,
    99.33,
    98.21,
    99.01,
    99.13,
    99.53,
    97.36,
    98.71,
    99.7,
    99.96,
    99.58,
    99.78,
    99.05,
    98.81,
    98.99,
    99.14,
    98.86,
    96.47,
    97.76,
    97.01,
    98.93,
    98.82,
    96.52,
    95.1,
    95.87,
    98.39,
    98.33,
    98.04,
    97.03,
    96.45,
    94.11,
    95.81,
    97.84,
    97.85,
    98.46,
    94.79,
    93.74,
    96.73,
    97.87,
    97.36,
    98.99,
    96.8,
    95.9,
    96.4,
    98.28,
    96.58,
    95.42,
    98.44,
    97.16,
    95.71,
    98.33,
    98.61,
    96.85,
    97.03,
    92.93,
    98.61,
    99.29,
    97.54,
    96.53,
    96.98,
    98.16,
    99.08,
    94.82,
    99.69,
    97.5,
    96.09,
    95.41,
    97.12,
    98.3,
    97.54,
    98.28,
    93.34,
    98.38,
    96.43,
    98.97,
    98.4,
    97.27,
    96.53,
    97.07,
    97.8,
    98.93,
    96.23,
    99.07,
    98.13,
    98.9,
    95.89,
    95.5,
    99.33,
    97.53,
    98.94,
    98.91,
    97.99,
    98.31,
    99.09,
    96.61,
    96.19,
    99.06,
    97.24,
    97.3,
    98.25,
    99.07,
    98.36,
    97.53,
    95.42,
    98.51,
    98.21,
    98.05,
    95.0,
    96.74,
    94.7,
    98.82,
    96.29,
    98.92,
    98.1,
    98.61,
    98.06,
    98.32,
    97.87,
    97.82,
    98.66,
    96.11,
    96.78,
    96.51,
    97.76,
    96.2,
    98.15,
    98.98,
    96.28,
    96.67,
    97.94,
    97.93,
    98.47,
    98.03,
    96.93,
    99.47,
    98.49,
    96.51,
    97.4,
    97.91,
    97.96,
    96.25,
    97.11,
    97.48,
    97.8,
    97.45,
    97.71,
    98.88,
    98.6,
    96.96,
    96.35,
    96.37,
    97.13,
    97.71,
    98.4,
    98.41,
    96.06,
    97.08,
    97.54,
    95.46,
    96.67,
    96.46,
    98.03,
    98.48,
    97.45,
    98.76,
    98.46,
    98.51,
    98.28,
    98.63,
    97.77,
    98.57,
    97.07,
    95.88,
    98.42,
    96.87,
    96.62,
    96.1,
    96.35,
    96.41,
    97.81,
    99.32,
    97.38,
    97.75,
    98.08,
    98.23,
    97.62,
    97.31,
    96.52,
    96.76,
    97.47,
    96.13,
    97.64,
    95.9,
    98.59,
    96.89,
    97.71,
    97.31,
    99.13,
    96.77,
    97.92,
    95.68,
    96.34,
    96.78,
    98.08,
    97.73,
    98.32,
    95.83,
    96.55,
    98.1,
    98.28,
    97.95,
    97.25,
    97.86,
    98.63,
    98.47,
    99.18,
    97.76,
    98.18,
    94.8,
    97.0,
    98.41,
    99.09,
    99.38,
    96.89,
    98.46,
    96.73,
    95.34,
    97.5,
    98.48,
    96.46,
    98.26,
    96.97,
    97.7,
    99.03,
    98.0,
    94.99,
    96.77,
    95.87,
    97.45,
    96.7,
    97.28,
    96.87
   ],
   "pher_deposition_time": 0.8600359690002506,
   "sol cost mean recorded every ith iter": 20,