{
 "args": {
  "alg": "faco",
  "ants": 64,
  "backup list size": 64,
  "beta": 1.0,
  "cand list size": 16,
  "gbest as source prob": 0.01,
  "id": "default",
  "iterations": 5000,
  "local search": 1,
  "ls cand list size": 20,
  "min new edges": 8,
  "p best": 0.1,
  "picture": true,
  "problem": "./instances/att532.tsp",
  "repeat": 1,
  "results dir": "results",
  "rho": 0.375,
  "seed": 2891912017,
  "threads": 0
 },
 "executions": [
  {
   "best sol cost iterations": [
    0,
    1,
    2,
    3,
    4,
    5,
    6,
    7,
    8,
    9,
    10,
    11,
    12,
    13,
    14,
    15,
    16,
    17,
    18,
    22,
    31,
    36,
    61,
    62,
    63,
    64,
    75,
    89,
    91,
    3743
   ],
   "best sol cost times": [
    0.0001,
    0.00037,
    0.000618,
    0.000882,
    0.001147,
    0.001586,
    0.00186,
    0.002139,
    0.002467,
    0.002783,
    0.003146,
    0.003531,
    0.003932,
    0.004334,
    0.004822,
    0.005308,
    0.005764,
    0.006245,
    0.006782,
    0.010201,
    0.017439,
    0.020461,
    0.038207,
    0.038781,
    0.040086,
    0.040637,
    0.047779,
    0.057149,
    0.058627,
    2.596417
   ],
   "best sol cost values": [
    28294.0,
    28271.0,
    28247.0,
    28236.0,
    28174.0,
    28156.0,
    28144.0,
    28129.0,
    28034.0,
    28016.0,
    27950.0,
    27915.0,
    27897.0,
    27890.0,
    27887.0,
    27885.0,
    27862.0,
    27859.0,
    27857.0,
    27831.0,
    27827.0,
    27809.0,
    27807.0,
    27806.0,
    27772.0,
    27771.0,
    27770.0,
    27768.0,
    27766.0,
    27760.0
   ],
   "execution time": 3.691866144,
   "final cost": 27760.0,
   "final error": 0.2672831033735462,
   "finished_at": "2024-01-29 21:23:05",
   "initial sol cost": 28304.0,
   "initial solutions build time": 0.001808074,
   "mean percent of select next node calls recorded every ith iter": 20,
   "mean percent of select next node calls values": [
    3.47,
    92.26,
    98.81,
    100.0,
    99.1,
    99.9,
    99.71,
    99.94,
    98.97,
    99.99,
    99.24,
    99.94,
    98.84,
    98.57,
    99.98,
    99.93,
    98.81,
    99.49,
    99.48,
    99.97,
    99.7,
    99.98,
    98.41,
    99.02,
    98.24,
    99.67,
    99.33,
    98.78,
    99.89,
    99.23,
    99.8,
    99.88,
    98.92,
    98.66,
    99.95,
    100.0,
    99.9,
    97.61,
    99.94,
    100.0,
    99.17,
    98.95,
    99.83,
    99.56,
    99.18,
    98.99,
    99.45,
    99.89,
    99.84,
    99.98,
    99.99,
    99.85,
    99.79,
    98.08,
    99.99,
    98.91,
    99.94,
    100.0,
    99.99,
    98.95,
    97.98,
    99.07,
    98.43,
    98.69,
    99.33,
    98.58,
    99.97,
    99.05,
    99.98,
    98.68,
    99.26,
    100.0,
    99.91,
    98.68,
    99.29,
    97.95,
    99.17,
    99.99,
    99.97,
    99.41,
    99.95,
    99.98,
    99.94,
    99.93,
    99.78,
    99.96,
    99.26,
    99.99,
    99.5,
    99.3,
    99.18,
    99.39,
    98.27,
    98.56,
    99.53,
    99.99,
    98.34,
    99.93,
    99.99,
    99.97,
    99.59,
    99.82,
    99.98,
    98.03,
    98.18,
    99.67,
    99.88,
    98.36,
    99.92,
    99.95,
    99.45,
    97.52,
    99.09,
    99.82,
    99.95,
    99.23,
    99.93,
    99.32,
    98.65,
    98.96,
    99.91,
    99.86,
    99.51,
    98.26,
    99.09,
    99.45,
    99.36,
    99.46,
    99.88,
    99.63,
    98.72,
    98.63,
    99.77,
    99.24,
    99.12,
    99.06,
    98.8,
    99.62,
    100.0,
    99.81,
    99.94,
    99.99,
    98.98,
    97.98,
    99.99,
    99.95,
    98.65,
    99.66,
    99.48,
    98.79,
    99.39,
    99.77,
    97.37,
    99.82,
    97.52,
    99.45,
    99.98,
    99.91,
    99.27,
    98.64,
    99.77,
    99.16,
    99.93,
    99.17,
    99.87,
    99.9,
    99.7,
    99.9,
    99.8,
    98.64,
    99.59,
    99.86,
    99.8,
    98.81,
    99.63,
    99.96,
    99.9,
    99.4,
    99.97,
    99.45,
    99.24,
    97.7,
    99.16,
    99.96,
    100.0,
    99.47,
    99.96,
    98.69,
    99.36,
    99.34,
    99.94,
    99.92,
    99.98,
    99.96,
    97.34,
    98.76,
    99.35,
    99.94,
    99.9,
    99.93,
    99.38,
    99.46,
    99.83,
    98.51,
    99.34,
    99.58,
    99.8,
    99.13,
    99.96,
    99.4,
    99.6,
    99.69,
    98.61,
    98.44,
    99.12,
    98.68,
    9.36,
    98.83,
    98.64,
    99.91,
    99.31,
    99.67,
    99.49,
    99.43,
    98.56,
    99.11,
    98.88,
    99.84,
    98.78,
    99.62,
    99.44,
    99.33,
    99.46,
    98.87,
    99.33,
    99.53,
    98.8,
    99.82,
    97.98,
    99.81,
    99.91,
    98.09,
    99.82,
    99.94,
    99.89,
    99.66,
    95.79,
    99.91,
    99.96,
    99.49
   ],
   "pher_deposition_time": 0.8682979960040029,
   "sol cost mean recorded every ith iter": 20,