{
 "args": {
  "alg": "faco",
  "ants": 192,
  "backup list size": 64,
  "beta": 1.0,
  "cand list size": 16,
  "gbest as source prob": 0.01,
  "id": "default",
  "iterations": 5000,
  "local search": 1,
  "ls cand list size": 20,
  "min new edges": 8,
  "p best": 0.1,
  "picture": true,
  "problem": "./instances/pr2392.tsp",
  "repeat": 1,
  "results dir": "results",
  "rho": 0.5,
  "seed": 2127085324,
  "threads": 0
 },
 "executions": [
  {
   "best sol cost iterations": [
    0,
    1,
    2,
    3,
    4,
    5,
    6,
    7,
    8,
    9,
    10,
    11,
    12,
    13,
    14,
    15,
    16,
    17,
    18,
    19,
    20,
    21,
    22,
    23,
    24,
    25,
    26,
    27,
    28,
    29,
    30,
    32,
    33,
    34,
    38,
    40,
    41,
    43,
    44,
    45,
    46,
    47,
    48,
    49,
    50,
    54,
    55,
    58,
    59,
    60,
    61,
    62,
    64,
    73,
    74,
    82,
    83,
    85,
    86,
    90,
    91,
    92,
    93,
    94,
    95,
    96,
    97,
    98,
    99,
    100,
    101,
    102,
    103,
    104,
    105,
    135,
    136,
    145,
    161,
    164,
    169,
    170,
    171,
    172,
    179,
    180,
    184,
    185,
    186,
    187,
    191,
    192,
    215,
    278,
    287,
    296,
    304,
    358,
    719,
    720,
    721,
    880,
    881,
    882,
    883,
    1399,
    1400,
    1402,
    1403,
    1404,
    3259
   ],
   "best sol cost times": [
    0.007105,
    0.008534,
    0.009896,
    0.011284,
    0.012748,
    0.01442,
    0.017606,
    0.019935,
    0.022145,
    0.024391,
    0.02738,
    0.03048,
    0.034294,
    0.038453,
    0.041919,
    0.045507,
    0.049077,
    0.053769,
    0.056902,
    0.061093,
    0.065496,
    0.069353,
    0.072828,
    0.076936,
    0.08067,
    0.085141,
    0.088816,
    0.092405,
    0.096304,
    0.100114,
    0.104204,
    0.113598,
    0.118136,
    0.123182,
    0.146648,
    0.157715,
    0.162683,
    0.172779,
    0.178308,
    0.183799,
    0.189642,
    0.195199,
    0.200677,
    0.204601,
    0.208993,
    0.22962,
    0.234735,
    0.253604,
    0.260506,
    0.265379,
    0.270759,
    0.276662,
    0.287551,
    0.344269,
    0.349018,
    0.393101,
    0.397975,
    0.409293,
    0.415903,
    0.436196,
    0.441136,
    0.445896,
    0.450762,
    0.454941,
    0.459475,
    0.46363,
    0.468535,
    0.472301,
    0.475963,
    0.480312,
    0.485262,
    0.489461,
    0.493906,
    0.497852,
    0.502554,
    0.684408,
    0.688831,
    0.741667,
    0.835973,
    0.851496,
    0.87955,
    0.884866,
    0.888883,
    0.892663,
    0.932769,
    0.937551,
    0.958974,
    0.964257,
    0.969468,
    0.975013,
    0.997546,
    1.002533,
    1.148922,
    1.548813,
    1.605677,
    1.661837,
    1.707662,
    2.041634,
    4.307814,
    4.311977,
    4.316434,
    5.32763,
    5.333448,
    5.338003,
    5.342815,
    8.650414,
    8.656098,
    8.666536,
    8.672542,
    8.678258,
    21.988326
   ],
   "best sol cost values": [
    392405.0,
    392149.0,
    391856.0,
    391304.0,
    391086.0,
    390661.0,
    390329.0,
    389841.0,
    389565.0,
    389205.0,
    388958.0,
    388657.0,
    388512.0,
    388276.0,
    388214.0,
    388150.0,
    386855.0,
    386808.0,
    386750.0,
    386728.0,
    386409.0,
    386247.0,
    386120.0,
    386052.0,
    385995.0,
    385884.0,
    385717.0,
    385643.0,
    385582.0,
    385450.0,
    385423.0,
    385383.0,
    385213.0,
    385139.0,
    385054.0,
    384977.0,
    384541.0,
    384529.0,
    384385.0,
    384379.0,
    384335.0,
    384278.0,
    384204.0,
    384101.0,
    384099.0,
    384059.0,
    384057.0,
    384005.0,
    383953.0,
    383949.0,
    383904.0,
    383893.0,
    383891.0,
    383861.0,
    383804.0,
    383768.0,
    383766.0,
    383599.0,
    383597.0,
    383539.0,
    383474.0,
    383417.0,
    383328.0,
    383258.0,
    383207.0,
    383173.0,
    383083.0,
    383022.0,
    382844.0,
    382842.0,
    382821.0,
    382791.0,
    382741.0,
    382711.0,
    382709.0,
    382604.0,
    382602.0,
    382557.0,
    382530.0,
    382473.0,
    382469.0,
    382455.0,
    382345.0,
    382343.0,
    382308.0,
    382306.0,
    382296.0,
    382264.0,
    382252.0,
    382250.0,
    382175.0,
    382163.0,
    382113.0,
    382076.0,
    382069.0,
    382021.0,
    382013.0,
    381997.0,
    381972.0,
    381776.0,
    381729.0,
    381687.0,
    381668.0,
    381638.0,
    381616.0,
    381607.0,
    381493.0,
    381464.0,
    381396.0,
    381367.0,
    381319.0
   ],
   "execution time": 39.279825912,
   "final cost": 381319.0,
   "final error": 0.8695031108477589,
   "finished_at": "2024-01-29 21:05:41",
   "initial sol cost": 393478.0,
   "initial solutions build time": 0.018454071000000002,
   "mean percent of select next node calls recorded every ith iter": 20,
   "mean percent of select next node calls values": [
    0.78,
    62.72,
    93.35,
    76.51,
    94.75,
    74.56,
    96.07,
    93.82,
    92.18,
    74.48,
    98.78,
    97.44,
    97.4,
    97.78,
    95.99,
    95.39,
    97.1,
    97.11,
    94.37,
    97.51,
    98.38,
    97.83,
    97.09,
    97.91,
    97.29,
    98.6,
    98.07,
    97.28,
    97.3,
    97.59,
    98.32,
    97.58,
    98.73,
    98.1,
    97.11,
    97.71,
    63.03,
    96.51,
    97.51,
    96.38,
    98.09,
    97.53,
    97.86,
    97.67,
    97.09,
    96.81,
    97.58,
    97.73,
    94.52,
    96.51,
    98.24,
    98.8,
    98.19,
    98.14,
    97.93,
    95.64,
    97.15,
    99.18,
    96.69,
    98.19,
    98.44,
    97.85,
    97.59,
    97.77,
    97.6,
    97.24,
    97.48,
    98.1,
    98.48,
    97.59,
    54.33,
    99.22,
    99.18,
    99.55,
    98.55,
    99.62,
    99.55,
    98.93,
    99.33,
    99.0,
    99.59,
    98.36,
    98.85,
    99.59,
    98.79,
    99.05,
    98.28,
    99.37,
    98.1,
    99.11,
    99.24,
    99.22,
    99.03,
    99.16,
    99.2,
    99.61,
    98.71,
    99.29,
    99.21,
    99.21,
    99.21,
    98.99,
    99.11,
    98.71,
    99.18,
    98.93,
    97.14,
    99.2,
    99.76,
    98.78,
    98.54,
    99.06,
    99.54,
    98.95,
    99.66,
    99.15,
    98.7,
    99.3,
    99.32,
    99.71,
    98.79,
    98.56,
    98.39,
    99.58,
    99.53,
    98.61,
    98.92,
    99.65,
    98.45,
    99.0,
    97.93,
    98.99,
    99.38,
    99.15,
    99.48,
    99.44,
    99.37,
    99.34,
    99.01,
    98.8,
    99.23,
    98.62,
    99.1,
    99.39,
    98.7,
    98.93,
    99.03,
    99.47,
    99.19,
    99.17,
    99.34,
    99.16,
    99.26,
    99.17,
    99.16,
    99.26,
    98.91,
    99.87,
    99.11,
    99.23,
    98.81,
    99.25,
    97.52,
    84.02,
    99.74,
    98.83,
    99.48,
    99.32,
    98.84,
    99.78,
    99.42,
    99.26,
    99.08,
    99.07,
    99.05,
    99.08,
    99.18,
    98.54,
    99.01,
    99.51,
    99.08,
    98.98,
    98.8,
    99.3,
    98.8,
    99.71,
    99.08,
    98.32,
    99.74,
    98.66,
    99.27,
    99.41,
    99.67,
    98.54,
    97.5,
    98.89,
    99.8,
    99.52,
    99.64,
    98.72,
    98.62,
    98.88,
    97.97,
    99.23,
    98.32,
    99.65,
    99.19,
    99.33,
    99.11,
    98.28,
    98.69,
    98.27,
    99.52,
    99.03,
    99.72,
    98.96,
    99.52,
    99.63,
    99.49,
    98.38,
    99.48,
    99.12,
    98.75,
    99.57,
    98.98,
    99.43,
    98.98,
    99.07,
    99.46,
    99.1,
    99.66,
    98.19,
    98.93,
    99.48,
    98.93,
    99.35,
    99.12,
    99.35,
    99.01,
    99.13,
    99.57,
    99.11,
    98.85,
    98.95,
    99.37,
    98.83,
    99.6,
    99.33,
    98.68,
    99.02
   ],
   "pher_deposition_time": 4.522804460001339,
   "sol cost mean recorded every ith iter": 20,