{
 "args": {
  "alg": "faco",
  "ants": 64,
  "backup list size": 64,
  "beta": 1.0,
  "cand list size": 16,
  "gbest as source prob": 0.01,
  "id": "default",
  "iterations": 5000,
  "local search": 1,
  "ls cand list size": 20,
  "min new edges": 8,
  "p best": 0.1,
  "picture": true,
  "problem": "./instances/kroA100.tsp",
  "repeat": 1,
  "results dir": "results",
  "rho": 0.5,
  "seed": 1083131218,
  "threads": 0
 },
 "executions": [
  {
   "best sol cost recorded every ith iter": 1,
   "best sol cost times": [],
   "best sol cost values": [],
   "execution time": 0.600909294,
   "final cost": 21282.0,
   "final error": 0.0,
   "finished_at": "2024-01-29 21:03:41",
   "initial sol cost": 21282.0,
   "initial solutions build time": 0.000693825,
   "mean percent of select next node calls recorded every ith iter": 20,
   "mean percent of select next node calls values": [
    17.66,
    100.0,
    99.89,
    99.24,
    99.87,
    99.7,
    99.78,
    98.63,
    99.81,
    99.83,
    99.73,
    99.61,
    99.67,
    99.57,
    99.91,
    100.0,
    99.97,
    98.96,
    99.92,
    100.0,
    99.84,
    99.91,
    99.97,
    99.87,
    99.92,
    100.0,
    99.02,
    99.73,
    99.54,
    100.0,
    99.38,
    99.78,
    98.47,
    100.0,
    99.97,
    98.42,
    99.61,
    99.95,
    99.97,
    99.49,
    99.97,
    99.24,
    99.92,
    99.13,
    100.0,
    99.83,
    99.54,
    99.72,
    99.91,
    99.73,
    99.87,
    99.98,
    98.64,
    99.67,
    100.0,
    99.7,
    99.78,
    100.0,
    99.97,
    100.0,
    99.56,
    100.0,
    99.61,
    99.98,
    99.64,
    99.97,
    99.13,
    99.67,
    99.87,
    99.84,
    99.83,
    99.84,
    99.46,
    99.81,
    99.83,
    99.38,
    99.37,
    100.0,
    100.0,
    99.91,
    99.53,
    99.61,
    99.62,
    100.0,
    100.0,
    99.97,
    99.62,
    98.5,
    99.49,
    99.98,
    99.18,
    99.81,
    99.97,
    99.81,
    100.0,
    99.38,
    99.02,
    99.65,
    99.59,
    99.61,
    99.45,
    99.91,
    99.51,
    99.13,
    99.86,
    99.27,
    99.76,
    97.25,
    99.89,
    99.72,
    99.73,
    99.86,
    98.72,
    99.38,
    100.0,
    99.05,
    100.0,
    99.81,
    99.95,
    99.7,
    99.89,
    98.94,
    100.0,
    99.84,
    100.0,
    98.86,
    99.16,
    99.21,
    99.23,
    100.0,
    98.37,
    99.38,
    100.0,
    99.64,
    98.88,
    99.59,
    100.0,
    98.99,
    99.68,
    99.76,
    100.0,
    99.48,
    99.79,
    99.01,
    100.0,
    99.98,
    99.4,
    99.29,
    99.92,
    98.78,
    99.61,
    99.45,
    99.7,
    99.72,
    99.38,
    100.0,
    98.93,
    100.0,
    99.97,
    99.91,
    99.94,
    99.15,
    99.97,
    99.02,
    97.73,
    99.94,
    99.16,
    99.35,
    100.0,
    99.86,
    99.56,
    99.84,
    99.89,
    99.83,
    100.0,
    99.86,
    100.0,
    100.0,
    100.0,
    99.01,
    99.67,
    99.23,
    99.84,
    98.75,
    99.87,
    99.68,
    100.0,
    99.98,
    98.85,
    99.97,
    99.34,
    100.0,
    99.86,
    100.0,
    99.31,
    99.94,
    99.24,
    97.1,
    99.98,
    100.0,
    99.95,
    99.87,
    99.84,
    99.48,
    99.81,
    99.35,
    99.42,
    98.94,
    99.75,
    99.94,
    99.86,
    99.86,
    99.32,
    99.49,
    100.0,
    99.91,
    99.59,
    100.0,
    99.42,
    99.94,
    99.54,
    99.83,
    99.61,
    99.51,
    99.92,
    99.94,
    99.35,
    100.0,
    100.0,
    99.75,
    99.18,
    98.37,
    99.84,
    99.97,
    99.97,
    99.42,
    99.27,
    99.1,
    99.83,
    99.91,
    99.56,
    99.48,
    99.56,
    99.86,
    99.62,
    99.05,
    100.0,
    99.87,
    99.56,
    99.02
   ],
   "pher_deposition_time": 0.11724376300071526,
   "sol cost mean recorded every ith iter": 20,
   "sol cost mean values": [
    21509.3,
    21327.9,
    21389.4,
    21358.6,
    21346.4,
    21345.1,
    21336.7,
    21397.8,
    21339.8,
    21348.5,
    21382.2,
    21333.0,
    21323.2,
    21351.0,
    21301.4,
    21342.5,
    21416.3,
    21382.5,
    21336.6,
    21347.4,
    21339.8,
    21306.7,
    21295.3,
    21356.2,
    21324.1,
    21322.1,
    21368.9,
    21325.1,
    21335.6,
    21350.5,
    21344.3,
    21351.2,
    21356.7,
    21345.9,
    21336.0,
    21361.7,
    21362.8,
    21387.2,
    21418.9,
    21343.3,
    21348.3,
    21377.7,
    21315.9,
    21357.4,
    21338.5,
    21332.9,
    21333.1,
    21353.8,
    21331.4,
    21384.2,
    21353.1,
    21313.3,
    21332.7,
    21323.7,
    21369.5,
    21410.7,
    21349.6,
    21301.7,
    21340.5,
    21328.5,
    21338.0,
    21325.7,
    21322.5,
    21367.1,
    21302.1,
    21356.4,
    21375.7,
    21379.4,
    21364.3,
    21322.9,
    21314.1,
    21377.8,
    21362.5,
    21307.6,
    21356.7,
    21383.8,
    21362.9,
    21351.7,
    21335.6,
    21341.9,
    21320.0,
    21367.7,
    21335.5,
    21345.8,
    21342.8,
    21307.9,
    21361.3,
    21365.4,
    21357.4,
    21349.1,
    21326.2,
    21373.6,
    21344.1,
    21370.9,
    21341.0,
    21318.3,
    21350.5,
    21328.6,
    21360.4,
    21327.1,
    21324.0,
    21364.7,
    21367.8,
    21353.8,
    21340.0,
    21326.3,
    21331.9,
    21343.3,
    21342.7,
    21374.8,
    21336.3,
    21295.4,
    21363.7,
    21344.1,
    21322.8,
    21413.2,
    21307.3,
    21383.9,
    21352.9,
    21346.3,
    21384.9,
    21391.3,
    21417.5,
    21338.0,
    21323.6,
    21394.4,
    21336.2,
    21362.6,
    21352.7,
    21302.2,
    21397.3,
    21358.3,
    21308.0,
    21333.9,
    21321.5,
    21331.8,
    21340.6,
    21373.6,
    21347.2,
    21299.7,
    21401.3,
    21398.9,
    21362.6,
    21325.9,
    21327.1,
    21320.5,
    21374.3,
    21395.3,
    21329.8,
    21324.9,
    21344.2,
    21377.3,
    21352.6,
    21365.5,
    21370.5,
    21323.9,
    21299.3,
    21325.5,
    21378.3,
    21345.8,
    21326.3,
    21410.4,
    21386.9,
    21359.7,
    21408.1,
    21369.3,
    21412.3,
    21336.7,
    21347.9,
    21348.0,
    21361.6,
    21338.4,
    21361.4,
    21347.8,
    21325.3,
    21339.3,
    21329.8,
    21335.0,
    21329.2,
    21414.5,
    21358.3,
    21334.0,
    21359.9,
    21344.8,
    21320.2,
    21346.0,
    21325.7,
    21329.1,
    21335.4,
    21344.8,
    21318.9,
    21317.5,
    21370.3,
    21357.2,
    21309.8,
    21335.1,
    21399.9,
    21386.0,
    21299.9,
    21329.4,
    21365.6,
    21376.4,
    21312.7,
    21328.5,
    21335.3,
    21383.2,
    21393.7,
    21346.6,
    21309.2,
    21342.3,
    21311.0,
    21368.4,
    21391.8,
    21337.9,
    21359.8,
    21339.4,
    21356.9,
    21354.9,
    21359.6,
    21326.3,
    21345.4,
    21391.6,
    21315.9,
    21387.5,
    21329.1,
    21348.4,
    21318.5,
    21349.9,
    21348.7,
    21335.6,
    21363.0,
    21360.2,
    21383.9,
    21349.4,
    21324.5,
    21402.4,
    21364.3,
    21441.4,
    21339.8,
    21354.7,
    21317.3,
    21353.7,
    21368.3,
    21325.5,
    21342.3,
    21346.2,
    21300.3,
    21315.7,
    21333.4,
    21369.2
   ],
   "sol cost stdev recorded every ith iter": 20,